epoch,training_loss,val_loss
0,0.02199424058198929,0.2836303114891052
1,0.021446293219923973,0.2795107066631317
2,0.021096304059028625,0.2758360505104065
3,0.020812861621379852,0.27246004343032837
4,0.020575061440467834,0.2693338692188263
5,0.02037392370402813,0.2664353549480438
6,0.020203810185194016,0.263751745223999
7,0.020060401409864426,0.26127398014068604
8,0.019940074533224106,0.25899431109428406
9,0.01983964629471302,0.2569050192832947
10,0.019756276160478592,0.2549980580806732
11,0.01968742348253727,0.2532648742198944
12,0.019630828872323036,0.25169631838798523
13,0.01958450675010681,0.25028276443481445
14,0.019546717405319214,0.2490142583847046
15,0.01951596699655056,0.24788056313991547
16,0.019490979611873627,0.24687136709690094
17,0.019470682367682457,0.2459765076637268
18,0.01945417933166027,0.2451859563589096
19,0.019440729171037674,0.24449008703231812
20,0.019429730251431465,0.24387957155704498
21,0.019420696422457695,0.24334564805030823
22,0.019413230940699577,0.24288009107112885
23,0.019407017156481743,0.2424752563238144
24,0.019401811063289642,0.24212394654750824
25,0.01939740777015686,0.24181976914405823
26,0.01939365267753601,0.2415567934513092
27,0.019390422850847244,0.24132972955703735
28,0.0193876214325428,0.24113371968269348
29,0.019385164603590965,0.24096453189849854
30,0.01938299462199211,0.24081838130950928
31,0.01938106119632721,0.2406919002532959
32,0.019379323348402977,0.2405821532011032
33,0.019377749413251877,0.24048663675785065
34,0.01937631145119667,0.24040305614471436
35,0.019374990835785866,0.2403295338153839
36,0.019373763352632523,0.24026437103748322
37,0.019372617825865746,0.24020618200302124
38,0.01937154307961464,0.24015375971794128
39,0.01937052607536316,0.24010606110095978
40,0.01936955377459526,0.24006220698356628
41,0.019368624314665794,0.2400214672088623
42,0.019367728382349014,0.2399832308292389
43,0.01936686411499977,0.23994699120521545
44,0.01936601847410202,0.23991236090660095
45,0.01936519332230091,0.23987889289855957
46,0.019364386796951294,0.23984642326831818
47,0.01936359331011772,0.2398146390914917
48,0.019362809136509895,0.2397833913564682
49,0.019362036138772964,0.23975250124931335
50,0.01936126872897148,0.23972181975841522
51,0.019360505044460297,0.2396913319826126
52,0.01935974694788456,0.23966090381145477
53,0.01935899257659912,0.23963050544261932
54,0.019358240067958832,0.2396000623703003
55,0.01935749314725399,0.23956957459449768
56,0.019356744363904,0.2395389825105667
57,0.019355997443199158,0.23950828611850739
58,0.019355250522494316,0.2394774854183197
59,0.019354503601789474,0.23944656550884247
60,0.019353754818439484,0.2394154816865921
61,0.019353007897734642,0.23938427865505219
62,0.01935226283967495,0.23935292661190033
63,0.01935151219367981,0.23932144045829773
64,0.019350765272974968,0.23928982019424438
65,0.019350014626979828,0.2392580211162567
66,0.01934926211833954,0.23922613263130188
67,0.01934850960969925,0.2391940802335739
68,0.01934775337576866,0.239161878824234
69,0.019346999004483223,0.23912958800792694
70,0.019346242770552635,0.23909710347652435
71,0.019345484673976898,0.2390645146369934
72,0.019344722852110863,0.23903174698352814
73,0.019343961030244827,0.23899886012077332
74,0.019343195483088493,0.23896580934524536
75,0.01934242807328701,0.23893262445926666
76,0.019341662526130676,0.23889926075935364
77,0.019340893253684044,0.23886577785015106
78,0.019340120255947113,0.23883210122585297
79,0.019339345395565033,0.23879829049110413
80,0.019338568672537804,0.23876427114009857
81,0.019337788224220276,0.23873008787631989
82,0.019337007775902748,0.23869574069976807
83,0.019336221739649773,0.23866119980812073
84,0.019335435703396797,0.23862648010253906
85,0.019334644079208374,0.23859156668186188
86,0.0193338505923748,0.23855644464492798
87,0.01933305338025093,0.23852108418941498
88,0.01933225616812706,0.23848554491996765
89,0.019331451505422592,0.2384498119354248
90,0.019330643117427826,0.23841381072998047
91,0.01932983472943306,0.23837758600711823
92,0.019329018890857697,0.23834112286567688
93,0.019328203052282333,0.23830440640449524
94,0.019327379763126373,0.23826748132705688
95,0.019326552748680115,0.23823028802871704
96,0.019325723871588707,0.23819279670715332
97,0.019324887543916702,0.2381550371646881
98,0.019324051216244698,0.2381170243024826
99,0.019323205575346947,0.23807871341705322
100,0.019322358071804047,0.23804007470607758
101,0.0193215049803257,0.23800113797187805
102,0.019320648163557053,0.23796193301677704
103,0.01931978389620781,0.2379223257303238
104,0.019318915903568268,0.23788245022296906
105,0.01931804046034813,0.23784223198890686
106,0.019317161291837692,0.2378017008304596
107,0.019316276535391808,0.2377607673406601
108,0.019315384328365326,0.23771952092647552
109,0.019314488396048546,0.23767784237861633
110,0.01931358501315117,0.23763582110404968
111,0.019312676042318344,0.2375933974981308
112,0.019311759620904922,0.23755057156085968
113,0.019310837611556053,0.23750732839107513
114,0.019309906288981438,0.23746368288993835
115,0.019308969378471375,0.23741959035396576
116,0.019308026880025864,0.23737506568431854
117,0.019307075068354607,0.23733007907867432
118,0.019306115806102753,0.23728464543819427
119,0.019305149093270302,0.23723873496055603
120,0.019304176792502403,0.2371923178434372
121,0.01930319331586361,0.23714540898799896
122,0.019302204251289368,0.23709799349308014
123,0.01930120401084423,0.23705004155635834
124,0.019300196319818497,0.23700161278247833
125,0.019299179315567017,0.23695260286331177
126,0.01929815299808979,0.23690301179885864
127,0.019297117367386818,0.23685288429260254
128,0.0192960724234581,0.2368021458387375
129,0.019295020028948784,0.23675081133842468
130,0.019293954595923424,0.23669888079166412
131,0.019292879849672318,0.23664629459381104
132,0.019291793927550316,0.236593097448349
133,0.019290698692202568,0.23653924465179443
134,0.019289594143629074,0.23648470640182495
135,0.019288476556539536,0.23642946779727936
136,0.019287345930933952,0.23637352883815765
137,0.019286207854747772,0.23631687462329865
138,0.01928505301475525,0.23625949025154114
139,0.01928389072418213,0.23620133101940155
140,0.019282713532447815,0.23614242672920227
141,0.019281523302197456,0.2360827475786209
142,0.019280321896076202,0.2360222190618515
143,0.019279107451438904,0.23596090078353882
144,0.01927787810564041,0.2358987182378769
145,0.019276635721325874,0.23583568632602692
146,0.019275380298495293,0.23577174544334412
147,0.019274108111858368,0.23570691049098969
148,0.019272824749350548,0.23564119637012482
149,0.019271524623036385,0.23557449877262115
150,0.019270209595561028,0.23550686240196228
151,0.019268877804279327,0.23543822765350342
152,0.019267532974481583,0.23536859452724457
153,0.019266171380877495,0.23529793322086334
154,0.019264793023467064,0.23522621393203735
155,0.01926339603960514,0.2351534366607666
156,0.019261987879872322,0.2350795865058899
157,0.019260559231042862,0.23500458896160126
158,0.01925911009311676,0.2349284589290619
159,0.019257647916674614,0.23485112190246582
160,0.019256165251135826,0.2347726672887802
161,0.019254665821790695,0.23469291627407074
162,0.019253145903348923,0.23461197316646576
163,0.019251607358455658,0.2345297485589981
164,0.0192500501871109,0.23444625735282898
165,0.019248470664024353,0.23436139523983002
166,0.019246872514486313,0.2342752069234848
167,0.01924525573849678,0.23418761789798737
168,0.019243614748120308,0.2340986281633377
169,0.019241955131292343,0.23400823771953583
170,0.019240273162722588,0.23391635715961456
171,0.01923857070505619,0.23382297158241272
172,0.019236845895648003,0.23372803628444672
173,0.019235098734498024,0.23363158106803894
174,0.019233327358961105,0.23353351652622223
175,0.019231531769037247,0.23343384265899658
176,0.019229715690016747,0.23333251476287842
177,0.019227873533964157,0.23322948813438416
178,0.019226007163524628,0.2331247329711914
179,0.01922411471605301,0.23301823437213898
180,0.0192221999168396,0.23290996253490448
181,0.01922025717794895,0.23279985785484314
182,0.019218292087316513,0.23268790543079376
183,0.019216299057006836,0.23257403075695038
184,0.01921427808701992,0.232458233833313
185,0.019212231040000916,0.23234044015407562
186,0.019210156053304672,0.23222066462039948
187,0.01920805498957634,0.23209884762763977
188,0.01920592598617077,0.23197494447231293
189,0.01920376718044281,0.23184889554977417
190,0.019201580435037613,0.2317206859588623
191,0.019199363887310028,0.23159025609493256
192,0.019197117537260056,0.2314576357603073
193,0.019194839522242546,0.23132266104221344
194,0.01919253170490265,0.23118537664413452
195,0.019190195947885513,0.23104573786258698
196,0.019187824800610542,0.23090365529060364
197,0.019185423851013184,0.23075911402702332
198,0.019182991236448288,0.23061205446720123
199,0.019180521368980408,0.2304624766111374
200,0.019178025424480438,0.23031030595302582
201,0.019175492227077484,0.23015549778938293
202,0.019172927364706993,0.22999799251556396
203,0.019170325249433517,0.22983777523040771
204,0.019167687743902206,0.22967477142810822
205,0.01916501671075821,0.22950896620750427
206,0.019162310287356377,0.2293402999639511
207,0.01915956847369671,0.22916868329048157
208,0.019156787544488907,0.22899414598941803
209,0.01915397122502327,0.22881656885147095
210,0.019151117652654648,0.2286359816789627
211,0.01914822682738304,0.22845226526260376
212,0.019145291298627853,0.2282654047012329
213,0.01914232224225998,0.22807538509368896
214,0.019139312207698822,0.22788211703300476
215,0.01913626305758953,0.22768554091453552
216,0.01913316920399666,0.22748565673828125
217,0.01913003996014595,0.22728237509727478
218,0.01912686601281166,0.2270756959915161
219,0.01912364922463894,0.22686553001403809
220,0.019120387732982635,0.22665181756019592
221,0.01911708526313305,0.22643457353115082
222,0.019113734364509583,0.2262137234210968
223,0.019110340625047684,0.2259891927242279
224,0.019106900319457054,0.22576096653938293
225,0.019103413447737694,0.2255290150642395
226,0.019099876284599304,0.22529327869415283
227,0.019096290692687035,0.22505369782447815
228,0.019092658534646034,0.22481019794940948
229,0.019088972359895706,0.22456279397010803
230,0.0190852340310812,0.22431142628192902
231,0.019081441685557365,0.22405600547790527
232,0.019077597185969353,0.22379648685455322
233,0.019073694944381714,0.22353285551071167
234,0.01906973496079445,0.22326502203941345
235,0.01906571537256241,0.2229929119348526
236,0.019061636179685593,0.2227165400981903
237,0.019057493656873703,0.22243578732013702
238,0.01905328594148159,0.22215057909488678
239,0.019049011170864105,0.2218608558177948
240,0.019044669345021248,0.22156654298305511
241,0.01904025301337242,0.22126753628253937
242,0.019035764038562775,0.22096379101276398
243,0.01903119683265686,0.22065509855747223
244,0.01902654767036438,0.22034144401550293
245,0.019021816551685333,0.22002264857292175
246,0.019016996026039124,0.21969857811927795
247,0.0190120879560709,0.2193690687417984
248,0.019007081165909767,0.21903394162654877
249,0.019001973792910576,0.21869297325611115
250,0.01899676024913788,0.21834596991539001
251,0.018991436809301376,0.2179926186800003
252,0.018985994160175323,0.2176327109336853
253,0.01898043230175972,0.21726582944393158
254,0.01897473633289337,0.21689170598983765
255,0.018968908116221428,0.2165098637342453
256,0.018962932750582695,0.21611987054347992
257,0.018956802785396576,0.21572118997573853
258,0.018950510770082474,0.21531325578689575
259,0.018944045528769493,0.21489544212818146
260,0.018937399610877037,0.21446703374385834
261,0.018930554389953613,0.21402722597122192
262,0.018923506140708923,0.21357516944408417
263,0.018916238099336624,0.21310991048812866
264,0.01890873722732067,0.21263033151626587
265,0.01890099048614502,0.21213528513908386
266,0.018892979249358177,0.21162350475788116
267,0.0188846867531538,0.21109354496002197
268,0.018876098096370697,0.21054397523403168
269,0.01886719837784767,0.2099730670452118
270,0.018857963383197784,0.20937898755073547
271,0.018848374485969543,0.20875988900661469
272,0.018838416785001755,0.2081136554479599
273,0.01882806420326233,0.20743800699710846
274,0.018817296251654625,0.20673060417175293
275,0.018806092441082,0.20598874986171722
276,0.018794430419802666,0.20520977675914764
277,0.01878228783607483,0.2043907642364502
278,0.018769646063447,0.2035285234451294
279,0.018756475299596786,0.20261988043785095
280,0.01874275878071785,0.2016613781452179
281,0.01872847229242325,0.20064960420131683
282,0.018713602796196938,0.19958090782165527
283,0.01869812421500683,0.19845174252986908
284,0.018682027235627174,0.19725856184959412
285,0.01866529881954193,0.19599801301956177
286,0.0186479315161705,0.19466684758663177
287,0.01862991973757744,0.19326210021972656
288,0.018611272796988487,0.19178105890750885
289,0.018591996282339096,0.19022126495838165
290,0.018572121858596802,0.18858055770397186
291,0.018551673740148544,0.18685683608055115
292,0.01853070594370365,0.1850479543209076
293,0.0185092743486166,0.18315166234970093
294,0.018487460911273956,0.1811652034521103
295,0.01846536062657833,0.1790851354598999
296,0.018443085253238678,0.17690688371658325
297,0.018420778214931488,0.17462405562400818
298,0.018398592248558998,0.17222772538661957
299,0.018376700580120087,0.16970466077327728
300,0.01835530251264572,0.16703495383262634
301,0.018334604799747467,0.1641874462366104
302,0.01831483468413353,0.1611122339963913
303,0.01829620450735092,0.15772654116153717
304,0.018278924748301506,0.15388959646224976
305,0.01826316863298416,0.14935614168643951
306,0.018249064683914185,0.14369843900203705
307,0.018236663192510605,0.13623395562171936
308,0.01822591945528984,0.12629608809947968
309,0.018216682597994804,0.11472497135400772
310,0.0182087030261755,0.10493408888578415
311,0.018201660364866257,0.09888328611850739
312,0.018195196986198425,0.09559902548789978
313,0.01818898878991604,0.09392830729484558
314,0.01818278431892395,0.09322454780340195
315,0.018176410347223282,0.09314262121915817
316,0.01816980168223381,0.0934804230928421
317,0.018162958323955536,0.094105064868927
318,0.018155928701162338,0.09492053836584091
319,0.018148772418498993,0.09585345536470413
320,0.01814156398177147,0.09684682637453079
321,0.01813436672091484,0.0978575274348259
322,0.018127229064702988,0.09885501861572266
323,0.018120188266038895,0.09982012957334518
324,0.018113277852535248,0.10074383020401001
325,0.018106509000062943,0.10162507742643356
326,0.018099892884492874,0.1024685725569725
327,0.018093431368470192,0.1032821461558342
328,0.018087118864059448,0.10407517105340958
329,0.018080946058034897,0.10485667735338211
330,0.018074896186590195,0.10563431680202484
331,0.018068952485919,0.10641411691904068
332,0.018063101917505264,0.10720018297433853
333,0.01805732026696205,0.10799472779035568
334,0.018051592633128166,0.10879848897457123
335,0.018045907840132713,0.10961104184389114
336,0.0180402472615242,0.11043117940425873
337,0.01803460344672203,0.11125701665878296
338,0.01802896521985531,0.11208658665418625
339,0.018023326992988586,0.11291783303022385
340,0.018017683178186417,0.11374890804290771
341,0.01801202818751335,0.11457815021276474
342,0.01800636202096939,0.11540425568819046
343,0.018000680953264236,0.11622630804777145
344,0.017994984984397888,0.11704365909099579
345,0.01798926666378975,0.11785603314638138
346,0.017983529716730118,0.11866339296102524
347,0.017977774143218994,0.1194659098982811
348,0.01797199621796608,0.12026398628950119
349,0.017966192215681076,0.12105811387300491
350,0.017960362136363983,0.12184887379407883
351,0.0179545059800148,0.12263690680265427
352,0.01794862188398838,0.12342280894517899
353,0.017942706122994423,0.12420723587274551
354,0.01793675683438778,0.12499075382947922
355,0.01793077401816845,0.1257738322019577
356,0.017924755811691284,0.12655693292617798
357,0.017918702214956284,0.12734034657478333
358,0.0179126113653183,0.1281242072582245
359,0.01790648140013218,0.12890850007534027
360,0.017900314182043076,0.12969297170639038
361,0.017894107848405838,0.13047710061073303
362,0.017887866124510765,0.13126006722450256
363,0.017881587147712708,0.13204070925712585
364,0.017875276505947113,0.1328173279762268
365,0.01786893419921398,0.13358783721923828
366,0.017862563952803612,0.1343494951725006
367,0.0178561732172966,0.13509905338287354
368,0.017849761992692947,0.1358325332403183
369,0.01784333400428295,0.13654540479183197
370,0.01783689111471176,0.13723260164260864
371,0.017830435186624527,0.13788866996765137
372,0.01782396249473095,0.13850794732570648
373,0.01781746745109558,0.1390848606824875
374,0.017810944467782974,0.1396142989397049
375,0.017804376780986786,0.14009201526641846
376,0.01779775321483612,0.1405147910118103
377,0.017791053280234337,0.1408809870481491
378,0.01778426021337509,0.14119037985801697
379,0.01777735725045204,0.14144444465637207
380,0.017770323902368546,0.14164599776268005
381,0.01776314713060856,0.14179915189743042
382,0.017755817621946335,0.14190874993801117
383,0.01774832233786583,0.14198024570941925
384,0.017740655690431595,0.142019122838974
385,0.017732815816998482,0.1420307755470276
386,0.017724789679050446,0.14202013611793518
387,0.017716584727168083,0.14199158549308777
388,0.0177081897854805,0.1419488936662674
389,0.017699601128697395,0.1418951153755188
390,0.017690811306238174,0.1418326199054718
391,0.017681818455457687,0.14176324009895325
392,0.01767260581254959,0.14168821275234222
393,0.017663167789578438,0.1416083574295044
394,0.017653489485383034,0.141524076461792
395,0.017643554136157036,0.14143548905849457
396,0.01763334684073925,0.14134253561496735
397,0.017622847110033035,0.14124499261379242
398,0.0176120363175869,0.14114251732826233
399,0.017600884661078453,0.14103475213050842
400,0.017589369788765907,0.14092138409614563
401,0.017577458173036575,0.14080208539962769
402,0.01756512187421322,0.14067663252353668
403,0.017552319914102554,0.1405448466539383
404,0.01753900945186615,0.14040672779083252
405,0.017525145784020424,0.14026235044002533
406,0.017510680481791496,0.14011186361312866
407,0.017495544627308846,0.13995565474033356
408,0.017479676753282547,0.13979411125183105
409,0.017462989315390587,0.1396278291940689
410,0.0174454003572464,0.13945753872394562
411,0.01742679253220558,0.13928410410881042
412,0.017407042905688286,0.13910850882530212
413,0.017385995015501976,0.13893195986747742
414,0.017363466322422028,0.13875584304332733
415,0.017339231446385384,0.13858185708522797
416,0.017313014715909958,0.13841192424297333
417,0.017284464091062546,0.138248473405838
418,0.017253141850233078,0.13809441030025482
419,0.017218470573425293,0.13795344531536102
420,0.01717969961464405,0.13783042132854462
421,0.017135782167315483,0.13773171603679657
422,0.017085295170545578,0.13766621053218842
423,0.017026115208864212,0.1376466006040573
424,0.01695513166487217,0.13769175112247467
425,0.01686703972518444,0.13783152401447296
426,0.01675378531217575,0.13811498880386353
427,0.016595065593719482,0.138627827167511
428,0.01637989655137062,0.1395862102508545
429,0.015963897109031677,0.14073923230171204
430,0.020815150812268257,0.14598868787288666
431,0.017020877450704575,0.16090799868106842
432,0.010109541937708855,0.1762113720178604
433,0.011324798688292503,0.18584199249744415
434,0.00786872860044241,0.18712395429611206
435,0.006464671343564987,0.1841866821050644
436,0.006668644025921822,0.1806468814611435
437,0.006826348602771759,0.17774835228919983
438,0.0058699725195765495,0.1763691008090973
439,0.0054864054545760155,0.17551521956920624
440,0.005381757393479347,0.17430654168128967
441,0.005269310437142849,0.17255215346813202
442,0.005108497105538845,0.17053751647472382
443,0.00494631752371788,0.16874992847442627
444,0.004830865655094385,0.16763542592525482
445,0.004759098403155804,0.1674196869134903
446,0.0046976120211184025,0.1680305153131485
447,0.00462679099291563,0.16915206611156464
448,0.004554084502160549,0.17037636041641235
449,0.004492257721722126,0.17136341333389282
450,0.004441490396857262,0.17193296551704407
451,0.004394658841192722,0.1720695197582245
452,0.004348453134298325,0.17187076807022095
453,0.00430423766374588,0.1714790165424347
454,0.004263133276253939,0.17102070152759552
455,0.004224040545523167,0.1705695390701294
456,0.004185504280030727,0.17013947665691376
457,0.004147618543356657,0.16970324516296387
458,0.004111467860639095,0.169223353266716
459,0.004077353980392218,0.16867773234844208
460,0.004044522996991873,0.1680707484483719
461,0.0040123253129422665,0.16742894053459167
462,0.003980711102485657,0.16678796708583832
463,0.00394976232200861,0.16617794334888458
464,0.003919330891221762,0.16561302542686462
465,0.003889161627739668,0.16508848965168
466,0.0038590640760958195,0.1645841747522354
467,0.003828850109130144,0.16407181322574615
468,0.003798213554546237,0.16352207958698273
469,0.0037667423021048307,0.1629093438386917
470,0.0037340621929615736,0.1622142791748047
471,0.003700071480125189,0.16142497956752777
472,0.0036651543341577053,0.16053897142410278
473,0.003630047431215644,0.15956507623195648
474,0.0035953845363110304,0.1585233360528946
475,0.0035614711232483387,0.15744216740131378
476,0.003528452478349209,0.15635325014591217
477,0.0034964699298143387,0.1552857756614685
478,0.0034656289499253035,0.15426169335842133
479,0.003435995429754257,0.1532929688692093
480,0.003407629206776619,0.15238173305988312
481,0.003380589885637164,0.1515226811170578
482,0.003354946617037058,0.1507062464952469
483,0.003330787643790245,0.149922177195549
484,0.003308212850242853,0.14916197955608368
485,0.0032873020973056555,0.14842066168785095
486,0.003268077503889799,0.1476968377828598
487,0.003250467125326395,0.1469920426607132
488,0.0032343219500035048,0.14630921185016632
489,0.0032194494269788265,0.14565113186836243
490,0.0032056602649390697,0.14501938223838806
491,0.003192795207723975,0.14441385865211487
492,0.0031807199120521545,0.1438329964876175
493,0.003169312607496977,0.1432742178440094
494,0.0031584608368575573,0.14273414015769958
495,0.003148078452795744,0.14220882952213287
496,0.00313810957595706,0.14169393479824066
497,0.0031285258010029793,0.14118507504463196
498,0.0031193094328045845,0.14067837595939636
499,0.003110443940386176,0.14017102122306824
500,0.0031019109301269054,0.1396614909172058
501,0.0030936894472688437,0.139149472117424
502,0.0030857576057314873,0.13863541185855865
503,0.003078092820942402,0.13812021911144257
504,0.0030706727411597967,0.137604758143425
505,0.00306347431614995,0.13708990812301636
506,0.0030564754270017147,0.13657626509666443
507,0.0030496574472635984,0.13606446981430054
508,0.003043002914637327,0.1355549544095993
509,0.0030364980921149254,0.13504821062088013
510,0.003030131570994854,0.1345447450876236
511,0.003023894503712654,0.1340450793504715
512,0.00301778013817966,0.13354991376399994
513,0.003011781722307205,0.13305996358394623
514,0.003005897393450141,0.13257615268230438
515,0.0030001234263181686,0.13209937512874603
516,0.0029944591224193573,0.13163062930107117
517,0.0029889035504311323,0.1311708390712738
518,0.0029834534507244825,0.13072094321250916
519,0.0029781083576381207,0.13028167188167572
520,0.0029728650115430355,0.12985356152057648
521,0.002967720851302147,0.1294369250535965
522,0.002962673781439662,0.12903185188770294
523,0.0029577200766652822,0.12863819301128387
524,0.0029528557788580656,0.12825562059879303
525,0.002948078094050288,0.12788371741771698
526,0.002943383064121008,0.12752202153205872
527,0.0029387660324573517,0.12717001140117645
528,0.002934224670752883,0.12682726979255676
529,0.0029297545552253723,0.12649327516555786
530,0.002925352891907096,0.1261676549911499
531,0.0029210164211690426,0.12585000693798065
532,0.0029167409520596266,0.12553992867469788
533,0.0029125248547643423,0.12523707747459412
534,0.002908364636823535,0.12494109570980072
535,0.0029042591340839863,0.12465168535709381
536,0.0029002055525779724,0.12436855584383011
537,0.0028962022624909878,0.12409140914678574
538,0.002892247401177883,0.1238199844956398
539,0.002888340037316084,0.12355398386716843
540,0.0028844792395830154,0.1232931837439537
541,0.0028806624468415976,0.12303730100393295
542,0.002876890357583761,0.12278606742620468
543,0.0028731608763337135,0.12253930419683456
544,0.002869473770260811,0.12229671329259872
545,0.002865828573703766,0.12205816060304642
546,0.0028622248210012913,0.12182340770959854
547,0.0028586615808308125,0.12159229815006256
548,0.002855138387531042,0.12136466056108475
549,0.00285165524110198,0.12114035338163376
550,0.002848211210221052,0.12091922014951706
551,0.0028448067605495453,0.1207011491060257
552,0.0028414414264261723,0.12048603594303131
553,0.0028381149750202894,0.12027374655008316
554,0.002834826707839966,0.12006422132253647
555,0.0028315770905464888,0.11985733360052109
556,0.0028283651918172836,0.11965302377939224
557,0.0028251917101442814,0.11945120990276337
558,0.0028220561798661947,0.1192517876625061
559,0.00281895836815238,0.11905470490455627
560,0.0028158973436802626,0.1188599243760109
561,0.002812874037772417,0.11866734176874161
562,0.0028098877519369125,0.11847689747810364
563,0.0028069380205124617,0.1182885691523552
564,0.002804024610668421,0.11810224503278732
565,0.0028011472895741463,0.11791789531707764
566,0.0027983058243989944,0.11773546040058136
567,0.002795499749481678,0.11755486577749252
568,0.0027927288319915533,0.11737605184316635
569,0.002789991907775402,0.11719895899295807
570,0.0027872889768332243,0.11702348291873932
571,0.0027846195735037327,0.11684957891702652
572,0.002781982533633709,0.11667709797620773
573,0.0027793776243925095,0.11650598794221878
574,0.0027768039144575596,0.11633611470460892
575,0.0027742607053369284,0.1161673292517662
576,0.0027717468328773975,0.1159994825720787
577,0.002769261132925749,0.11583241820335388
578,0.0027668029069900513,0.11566593497991562
579,0.0027643712237477303,0.11549978703260422
580,0.0027619635220617056,0.11533373594284058
581,0.0027595795691013336,0.11516744643449783
582,0.0027572165708988905,0.11500059068202972
583,0.0027548721991479397,0.11483272165060043
584,0.0027525448240339756,0.11466342210769653
585,0.002750229788944125,0.11449209600687027
586,0.002747924067080021,0.11431809514760971
587,0.002745623467490077,0.11414064466953278
588,0.0027433212380856276,0.11395889520645142
589,0.002741009695455432,0.11377173662185669
590,0.0027386806905269623,0.11357799172401428
591,0.0027363221161067486,0.11337631195783615
592,0.00273392116650939,0.11316518485546112
593,0.0027314655017107725,0.1129431501030922
594,0.002728944644331932,0.11270884424448013
595,0.002726356964558363,0.11246142536401749
596,0.0027237115427851677,0.11220094561576843
597,0.0027210297994315624,0.11192891001701355
598,0.0027183368802070618,0.11164844036102295
599,0.0027156572323292494,0.11136425286531448
600,0.002713009249418974,0.11108189076185226
601,0.002710405271500349,0.11080646514892578
602,0.002707850653678179,0.11054182052612305
603,0.002705343533307314,0.11028983443975449
604,0.0027028871700167656,0.11005082726478577
605,0.0027004897128790617,0.10982424020767212
606,0.0026981555856764317,0.10960940271615982
607,0.0026958887465298176,0.10940578579902649
608,0.0026936884969472885,0.10921300947666168
609,0.0026915515772998333,0.10903062671422958
610,0.002689473098143935,0.10885806381702423
611,0.0026874502655118704,0.10869476199150085
612,0.0026854805182665586,0.10854033380746841
613,0.002683560363948345,0.10839463770389557
614,0.00268168724142015,0.10825756937265396
615,0.002679857425391674,0.10812901705503464
616,0.0026780690532177687,0.10800867527723312
617,0.00267631933093071,0.1078961119055748
618,0.0026746070943772793,0.10779082030057907
619,0.002672931645065546,0.10769230127334595
620,0.0026712899561971426,0.10760003328323364
621,0.0026696815621107817,0.10751357674598694
622,0.002668103901669383,0.10743247717618942
623,0.0026665562763810158,0.10735631734132767
624,0.0026650363579392433,0.10728474706411362
625,0.002663543215021491,0.10721753537654877
626,0.0026620763819664717,0.10715450346469879
627,0.0026606335304677486,0.10709545761346817
628,0.00265921326354146,0.10704031586647034
629,0.002657815348356962,0.10698889940977097
630,0.0026564388535916805,0.1069411113858223
631,0.0026550821494311094,0.10689677298069
632,0.002653744537383318,0.10685582458972931
633,0.002652425318956375,0.10681810230016708
634,0.0026511240284889936,0.10678352415561676
635,0.0026498395018279552,0.106751948595047
636,0.0026485712733119726,0.10672327131032944
637,0.0026473188772797585,0.10669735819101334
638,0.0026460818480700254,0.10667411983013153
639,0.002644859254360199,0.10665345937013626
640,0.002643651096150279,0.10663528740406036
641,0.0026424559764564037,0.10661949217319489
642,0.0026412741281092167,0.10660603642463684
643,0.002640104852616787,0.10659484565258026
644,0.0026389481499791145,0.10658580809831619
645,0.0026378033217042685,0.10657886415719986
646,0.0026366699021309614,0.10657396167516708
647,0.0026355476584285498,0.1065710112452507
648,0.0026344365905970335,0.10656995326280594
649,0.002633335068821907,0.10657071322202682
650,0.0026322449557483196,0.10657323896884918
651,0.0026311641559004784,0.10657747089862823
652,0.0026300931349396706,0.10658331960439682
653,0.002629031427204609,0.10659077018499374
654,0.0026279790326952934,0.10659974068403244
655,0.0026269357185810804,0.10661018639802933
656,0.002625900786370039,0.10662204772233963
657,0.0026248747017234564,0.10663528740406036
658,0.0026238567661494017,0.10664985328912735
659,0.0026228472124785185,0.1066657081246376
660,0.0026218451093882322,0.10668280720710754
661,0.002620851155370474,0.1067010909318924
662,0.002619864884763956,0.10672055184841156
663,0.002618885599076748,0.10674113035202026
664,0.0026179137639701366,0.10676278918981552
665,0.0026169493794441223,0.10678548365831375
666,0.0026159915141761303,0.10680922120809555
667,0.0026150415651500225,0.10683392733335495
668,0.002614096272736788,0.10685958713293076
669,0.0026131607592105865,0.10688615590333939
670,0.0026122271083295345,0.10691362619400024
671,0.0026113081257790327,0.10694193094968796
672,0.0026103812269866467,0.10697110742330551
673,0.0026094834320247173,0.10700104385614395
674,0.002608555369079113,0.10703183710575104
675,0.0026076945941895247,0.10706324875354767
676,0.0026067409198731184,0.10709559917449951
677,0.0026059651281684637,0.10712830722332001
678,0.0026049260050058365,0.10716227442026138
679,0.002604402368888259,0.10719595104455948
680,0.0026031690649688244,0.10723192244768143
681,0.002603576285764575,0.10726583003997803
682,0.002602374879643321,0.10730522125959396
683,0.002607189118862152,0.10733773559331894
684,0.0026116555090993643,0.10738645493984222
685,0.002640737919136882,0.10741573572158813
686,0.002707993146032095,0.10750024765729904
687,0.0028103129006922245,0.10755337029695511
688,0.0030803577974438667,0.10772008448839188
689,0.002804811578243971,0.10795523971319199
690,0.0026893597096204758,0.10803428292274475
691,0.002609873889014125,0.10813406109809875
692,0.0026935841888189316,0.10817631334066391
693,0.0026800893247127533,0.10827924311161041
694,0.002604908309876919,0.10848291218280792
695,0.002615603618323803,0.10868460685014725
696,0.002633278025314212,0.10892771184444427
697,0.002605361631140113,0.10917755961418152
698,0.0026022796519100666,0.10938090085983276
699,0.0026045464910566807,0.10956510156393051
700,0.002601584419608116,0.1097164899110794
701,0.0025976914912462234,0.10983436554670334
702,0.002593720331788063,0.10994352400302887
703,0.0025960009079426527,0.11003471165895462
704,0.0025944248773157597,0.1101137027144432
705,0.0025903864298015833,0.11018384248018265
706,0.002591845113784075,0.11023271083831787
707,0.002591147553175688,0.11026623100042343
708,0.002588990144431591,0.11028493195772171
709,0.0025890758261084557,0.11028845608234406
710,0.002587591763585806,0.11028644442558289
711,0.002587076975032687,0.11027973145246506
712,0.00258653424680233,0.11027145385742188
713,0.002585100708529353,0.11026430875062943
714,0.002584895584732294,0.1102556586265564
715,0.0025840443558990955,0.11024720966815948
716,0.0025831633247435093,0.11023829877376556
717,0.0025826897472143173,0.11022891849279404
718,0.0025816606357693672,0.11022116988897324
719,0.002581127919256687,0.11021476984024048
720,0.00258038192987442,0.11021091789007187
721,0.0025795709807425737,0.11020959913730621
722,0.0025790005456656218,0.11021022498607635
723,0.002578170970082283,0.11021291464567184
724,0.0025775672402232885,0.11021683365106583
725,0.0025768568739295006,0.11022216826677322
726,0.002576139522716403,0.11022880673408508
727,0.0025755048263818026,0.11023669689893723
728,0.002574757905676961,0.11024606227874756
729,0.0025741278659552336,0.11025664955377579
730,0.002573425881564617,0.11026846617460251
731,0.0025727679021656513,0.11028121411800385
732,0.0025721117854118347,0.11029483377933502
733,0.00257143285125494,0.1103091910481453
734,0.002570793963968754,0.11032421141862869
735,0.0025701166596263647,0.11033995449542999
736,0.002569478703662753,0.11035638302564621
737,0.0025688186287879944,0.11037350445985794
738,0.002568179275840521,0.1103912740945816
739,0.0025675357319414616,0.11040966957807541
740,0.0025668961461633444,0.11042863875627518
741,0.002566262613981962,0.11044815927743912
742,0.0025656260550022125,0.11046826094388962
743,0.0025649992749094963,0.1104888916015625
744,0.0025643687695264816,0.11051009595394135
745,0.002563747577369213,0.11053187400102615
746,0.0025631245225667953,0.11055418848991394
747,0.0025625079870224,0.11057703197002411
748,0.0025618919171392918,0.11060041189193726
749,0.0025612800382077694,0.11062431335449219
750,0.0025606707204133272,0.11064869165420532
751,0.0025600637309253216,0.11067357659339905
752,0.002559460699558258,0.11069892346858978
753,0.002558857901021838,0.11072475463151932
754,0.0025582618545740843,0.11075104027986526
755,0.002557662781327963,0.11077776551246643
756,0.0025570751167833805,0.11080490052700043
757,0.0025564772076904774,0.11083249002695084
758,0.0025559000205248594,0.11086045205593109
759,0.002555300947278738,0.11088882386684418
760,0.0025547388941049576,0.11091754585504532
761,0.00255413050763309,0.11094668507575989
762,0.0025535959284752607,0.11097609996795654
763,0.002552963327616453,0.1110060065984726
764,0.0025524841621518135,0.1110360324382782
765,0.002551793586462736,0.11106671392917633
766,0.0025514408480376005,0.11109722405672073
767,0.0025506275705993176,0.1111287847161293
768,0.0025505986995995045,0.11115960031747818
769,0.0025495754089206457,0.11119234561920166
770,0.0025505004450678825,0.11122308671474457
771,0.002549427095800638,0.11125800758600235
772,0.0025536674074828625,0.11128824204206467
773,0.0025552199222147465,0.1113286241889
774,0.00257272832095623,0.11135933548212051
775,0.0025977562181651592,0.11141815781593323
776,0.0026653152890503407,0.11146319657564163
777,0.0028263889253139496,0.11159056425094604
778,0.0029088181909173727,0.11172834783792496
779,0.003168216673657298,0.11198169738054276
780,0.002716470044106245,0.11229465901851654
781,0.002614768920466304,0.1125207468867302
782,0.002609727904200554,0.11269540339708328
783,0.0026529792230576277,0.11285635083913803
784,0.002600947394967079,0.11306940019130707
785,0.0025525051169097424,0.11331547051668167
786,0.0025746123865246773,0.11360015720129013
787,0.002583059947937727,0.11390224099159241
788,0.0025506909005343914,0.11417007446289062
789,0.002556708175688982,0.11440180242061615
790,0.0025588262360543013,0.11457715183496475
791,0.0025511845014989376,0.11470092833042145
792,0.0025486561935395002,0.11480008065700531
793,0.002546973992139101,0.11487336456775665
794,0.0025479495525360107,0.11492975056171417
795,0.0025461921468377113,0.11497501283884048
796,0.0025429162196815014,0.11499545723199844
797,0.0025447760708630085,0.11499540507793427
798,0.0025440368335694075,0.11497725546360016
799,0.0025417355354875326,0.11494223028421402
800,0.0025422086473554373,0.11490153521299362
801,0.0025410165544599295,0.11485747247934341
802,0.002540427725762129,0.11481238156557083
803,0.002540134359151125,0.11476965993642807
804,0.002538928296416998,0.11472653597593307
805,0.002538887318223715,0.11468435823917389
806,0.002538255648687482,0.11464350670576096
807,0.0025374346878379583,0.11460336297750473
808,0.0025371708907186985,0.11456595361232758
809,0.0025363387539982796,0.11453079432249069
810,0.0025359205901622772,0.11449843645095825
811,0.00253539951518178,0.11446941643953323
812,0.0025347168557345867,0.11444289982318878
813,0.002534340601414442,0.11441932618618011
814,0.0025337031111121178,0.1143980324268341
815,0.0025332290679216385,0.11437874287366867
816,0.0025327224284410477,0.11436151713132858
817,0.002532136859372258,0.11434595286846161
818,0.0025316847022622824,0.1143324002623558
819,0.0025311107747256756,0.11432067304849625
820,0.0025306311435997486,0.11431068181991577
821,0.002530120313167572,0.11430235952138901
822,0.002529602497816086,0.1142953485250473
823,0.002529128920286894,0.11428957432508469
824,0.002528602257370949,0.11428488790988922
825,0.0025281263515353203,0.11428128927946091
826,0.002527616685256362,0.11427877098321915
827,0.002527128905057907,0.11427730321884155
828,0.0025266422890126705,0.11427690088748932
829,0.0025261500850319862,0.1142774373292923
830,0.0025256755761802197,0.11427890509366989
831,0.002525185700505972,0.11428122967481613
832,0.002524713519960642,0.1142844408750534
833,0.00252423039637506,0.11428852379322052
834,0.0025237579829990864,0.11429348587989807
835,0.00252328347414732,0.11429927498102188
836,0.002522813156247139,0.11430590599775314
837,0.0025223453994840384,0.11431338638067245
838,0.0025218778755515814,0.11432161927223206
839,0.0025214143097400665,0.11433066427707672
840,0.0025209509767591953,0.11434042453765869
841,0.0025204913690686226,0.11435092985630035
842,0.00252003176137805,0.11436215788125992
843,0.002519575646147132,0.1143740862607956
844,0.0025191197637468576,0.1143866628408432
845,0.002518667373806238,0.11439992487430573
846,0.0025182159151881933,0.1144137978553772
847,0.002517766784876585,0.11442829668521881
848,0.0025173192843794823,0.11444336175918579
849,0.002516872948035598,0.11445902287960052
850,0.002516429405659437,0.11447520554065704
851,0.002515986328944564,0.11449194699525833
852,0.0025155460461974144,0.11450919508934021
853,0.0025151062291115522,0.11452694982290268
854,0.002514670370146632,0.11454518139362335
855,0.0025142328813672066,0.11456390470266342
856,0.0025138005148619413,0.1145830824971199
857,0.0025133653543889523,0.11460269242525101
858,0.00251293764449656,0.11462274938821793
859,0.0025125041138380766,0.11464324593544006
860,0.0025120822247117758,0.11466411501169205
861,0.002511647529900074,0.11468541622161865
862,0.0025112340226769447,0.11470707505941391
863,0.002510795136913657,0.11472910642623901
864,0.002510396298021078,0.11475146561861038
865,0.0025099441409111023,0.11477423459291458
866,0.002509572310373187,0.11479724943637848
867,0.0025090891867876053,0.1148206889629364
868,0.002508773235604167,0.11484435200691223
869,0.0025082228239625692,0.11486846208572388
870,0.002508031902834773,0.1148926392197609
871,0.002507336437702179,0.11491745710372925
872,0.00250744866207242,0.11494207382202148
873,0.002506469376385212,0.11496774107217789
874,0.0025073993019759655,0.11499268561601639
875,0.00250602955929935,0.11501961946487427
876,0.0025095008313655853,0.11504489183425903
877,0.002508755773305893,0.11507482081651688
878,0.0025214855559170246,0.11510186642408371
879,0.002531451638787985,0.11514207720756531
880,0.002580784959718585,0.11518148332834244
881,0.0026683658361434937,0.1152668297290802
882,0.0028151352889835835,0.11537416279315948
883,0.0031786798499524593,0.11563356965780258
884,0.0029770086985081434,0.11596442013978958
885,0.00290316971950233,0.11636902391910553
886,0.0025200950913131237,0.11667977273464203
887,0.0026657022535800934,0.11701609939336777
888,0.0027042697183787823,0.11732040345668793
889,0.0025510815903544426,0.1175963431596756
890,0.002527715638279915,0.11796112358570099
891,0.00256919814273715,0.11829932034015656
892,0.002535206265747547,0.11861859261989594
893,0.0025159670040011406,0.11896844953298569
894,0.0025224348064512014,0.11921639740467072
895,0.0025200629606842995,0.11938463151454926
896,0.0025124982930719852,0.1195189505815506
897,0.0025090749841183424,0.11957938969135284
898,0.0025119278579950333,0.11961646378040314
899,0.00250805402174592,0.11965413391590118
900,0.0025049750693142414,0.1196536049246788
901,0.002507240977138281,0.11963517963886261
902,0.002506213029846549,0.11959647387266159
903,0.0025031098630279303,0.11952319741249084
904,0.0025046956725418568,0.11944305151700974
905,0.0025036113802343607,0.11935828626155853
906,0.0025018821470439434,0.11926749348640442
907,0.002502292161807418,0.1191844493150711
908,0.0025014253333210945,0.11910081654787064
909,0.0025007417425513268,0.1190158873796463
910,0.0025006625801324844,0.11893603950738907
911,0.0024997065775096416,0.11885631829500198
912,0.0024994711857289076,0.11878088116645813
913,0.002499048598110676,0.11871165037155151
914,0.002498238580301404,0.11864501982927322
915,0.002498052315786481,0.11858385056257248
916,0.0024974977131932974,0.11852683126926422
917,0.002496956381946802,0.118473120033741
918,0.002496665809303522,0.11842461675405502
919,0.0024960841983556747,0.11837948858737946
920,0.0024957098066806793,0.11833789199590683
921,0.0024952986277639866,0.11829979717731476
922,0.0024947798810899258,0.11826392263174057
923,0.002494429238140583,0.11823103576898575
924,0.0024939551949501038,0.11820067465305328
925,0.0024935314431786537,0.11817271262407303
926,0.0024931454099714756,0.11814729869365692
927,0.0024926881305873394,0.11812368035316467
928,0.00249231094494462,0.11810190230607986
929,0.0024918867275118828,0.11808175593614578
930,0.0024914711248129606,0.1180630549788475
931,0.0024910809006541967,0.11804607510566711
932,0.0024906566832214594,0.11803055554628372
933,0.0024902704171836376,0.11801660060882568
934,0.0024898662231862545,0.11800406128168106
935,0.0024894685484468937,0.1179928109049797
936,0.002489081583917141,0.11798296123743057
937,0.002488679951056838,0.11797436326742172
938,0.002488296013325453,0.11796705424785614
939,0.0024879027623683214,0.11796102672815323
940,0.0024875164963304996,0.1179562360048294
941,0.0024871332570910454,0.11795265227556229
942,0.0024867472238838673,0.11795017868280411
943,0.0024863684084266424,0.11794883757829666
944,0.002485985867679119,0.11794856935739517
945,0.0024856086820364,0.11794935166835785
946,0.0024852310307323933,0.1179511621594429
947,0.002484855242073536,0.11795394122600555
948,0.0024844822473824024,0.11795765161514282
949,0.0024841083213686943,0.11796225607395172
950,0.002483738586306572,0.11796773225069046
951,0.002483367919921875,0.11797405779361725
952,0.002483000047504902,0.11798116564750671
953,0.002482632640749216,0.11798908561468124
954,0.0024822670966386795,0.11799773573875427
955,0.002481902949512005,0.1180071085691452
956,0.0024815392680466175,0.11801718175411224
957,0.002481177682057023,0.1180279478430748
958,0.0024808167945593596,0.11803935468196869
959,0.0024804575368762016,0.11805140227079391
960,0.0024800989776849747,0.11806405335664749
961,0.0024797420483082533,0.11807730793952942
962,0.002479385584592819,0.11809112131595612
963,0.0024790307506918907,0.11810548603534698
964,0.0024786770809441805,0.11812037974596024
965,0.0024783245753496885,0.11813580244779587
966,0.0024779727682471275,0.1181517243385315
967,0.0024776216596364975,0.11816810071468353
968,0.002477272879332304,0.11818496882915497
969,0.0024769240990281105,0.11820228397846222
970,0.002476576715707779,0.11822003126144409
971,0.0024762300308793783,0.11823822557926178
972,0.0024758847430348396,0.1182568147778511
973,0.002475540619343519,0.11827582120895386
974,0.002475196961313486,0.11829518526792526
975,0.0024748542346060276,0.11831493675708771
976,0.0024745131377130747,0.1183350682258606
977,0.0024741720408201218,0.11835553497076035
978,0.002473832806572318,0.11837634444236755
979,0.002473493805155158,0.11839748919010162
980,0.0024731557350605726,0.11841892451047897
981,0.002472818596288562,0.11844069510698318
982,0.0024724823888391256,0.11846276372671127
983,0.002472147112712264,0.11848513036966324
984,0.0024718132335692644,0.1185077577829361
985,0.002471479820087552,0.11853067576885223
986,0.0024711471050977707,0.11855386942625046
987,0.0024708150885999203,0.11857730895280838
988,0.002470484236255288,0.11860101670026779
989,0.002470153383910656,0.11862495541572571
990,0.002469825092703104,0.11864913254976273
991,0.0024694958701729774,0.11867353320121765
992,0.0024691689759492874,0.11869817227125168
993,0.002468840917572379,0.11872302740812302
994,0.002468516118824482,0.11874809116125107
995,0.002468189224600792,0.11877336353063583
996,0.0024678672198206186,0.11879883706569672
997,0.0024675396271049976,0.11882451176643372
998,0.0024672222789376974,0.11885038763284683
999,0.00246689235791564,0.11887643486261368
1000,0.002466581529006362,0.11890266090631485
1001,0.002466245088726282,0.11892908066511154
1002,0.0024659475311636925,0.11895564198493958
1003,0.002465596189722419,0.11898239701986313
1004,0.0024653247091919184,0.11900930106639862
1005,0.002464939607307315,0.11903638392686844
1006,0.0024647233076393604,0.1190635934472084
1007,0.0024642653297632933,0.11909100413322449
1008,0.0024641724303364754,0.11911851912736893
1009,0.0024635561276227236,0.11914623528718948
1010,0.0024637561291456223,0.11917401850223541
1011,0.0024628154933452606,0.1192021295428276
1012,0.0024637652095407248,0.1192302256822586
1013,0.002462262287735939,0.11925885081291199
1014,0.0024653698783367872,0.11928758770227432
1015,0.00246356800198555,0.11931759119033813
1016,0.0024739098735153675,0.11934881657361984
1017,0.002477133646607399,0.11938456445932388
1018,0.0025150603614747524,0.11942800134420395
1019,0.0025624949485063553,0.11949306726455688
1020,0.002695780247449875,0.11959542334079742
1021,0.0029700312297791243,0.1198061853647232
1022,0.0030675791203975677,0.12010843306779861
1023,0.003320562420412898,0.12064392119646072
1024,0.002628927817568183,0.12113121896982193
1025,0.0025830441154539585,0.12176607549190521
1026,0.0026561710983514786,0.12216126918792725
1027,0.0025722323916852474,0.12245286256074905
1028,0.002480063121765852,0.1228766217827797
1029,0.0025047478266060352,0.12320812791585922
1030,0.0025129271671175957,0.12360959500074387
1031,0.00247881724499166,0.1241014376282692
1032,0.0024697622284293175,0.12442942708730698
1033,0.002485500881448388,0.1246788427233696
1034,0.0024743250105530024,0.12485426664352417
1035,0.0024636350572109222,0.12488516420125961
1036,0.0024717075284570456,0.12490340322256088
1037,0.002467101439833641,0.12491937726736069
1038,0.0024621791671961546,0.12487143278121948
1039,0.0024654322769492865,0.12481368333101273
1040,0.002464297693222761,0.12472400069236755
1041,0.002460786374285817,0.12458405643701553
1042,0.00246275682002306,0.12445133179426193
1043,0.0024614911526441574,0.12431871891021729
1044,0.0024597090668976307,0.12418171018362045
1045,0.002460237592458725,0.12406383454799652
1046,0.0024593453854322433,0.12394533306360245
1047,0.0024586543440818787,0.12382622063159943
1048,0.0024586617946624756,0.12372081726789474
1049,0.0024577644653618336,0.1236182227730751
1050,0.0024575265124440193,0.12352342158555984
1051,0.0024572359398007393,0.12343919277191162
1052,0.002456438494846225,0.12335612624883652
1053,0.0024563006591051817,0.1232793927192688
1054,0.002455859910696745,0.12320931255817413
1055,0.00245528481900692,0.12314321100711823
1056,0.002455104375258088,0.12308534234762192
1057,0.002454628935083747,0.12303250283002853
1058,0.0024542321916669607,0.12298297882080078
1059,0.0024539593141525984,0.12293814867734909
1060,0.002453478751704097,0.12289571017026901
1061,0.00245315907523036,0.12285688519477844
1062,0.0024528042413294315,0.12282214313745499
1063,0.0024523879401385784,0.12278991937637329
1064,0.002452092943713069,0.12276075035333633
1065,0.0024517145939171314,0.12273363023996353
1066,0.0024513592943549156,0.12270807474851608
1067,0.0024510370567440987,0.12268482148647308
1068,0.002450657542794943,0.12266329675912857
1069,0.0024503301829099655,0.12264381349086761
1070,0.002449985593557358,0.12262635678052902
1071,0.002449634252116084,0.12261047959327698
1072,0.0024493129458278418,0.12259646505117416
1073,0.0024489639326930046,0.12258408218622208
1074,0.0024486337788403034,0.1225733682513237
1075,0.002448303159326315,0.12256446480751038
1076,0.0024479639250785112,0.12255706638097763
1077,0.0024476402904838324,0.12255126982927322
1078,0.002447306178510189,0.12254693359136581
1079,0.0024469795171171427,0.12254397571086884
1080,0.002446655184030533,0.12254245579242706
1081,0.0024463264271616936,0.12254219502210617
1082,0.002446006052196026,0.12254322320222855
1083,0.002445681020617485,0.12254542112350464
1084,0.0024453597143292427,0.12254871428012848
1085,0.002445040037855506,0.12255312502384186
1086,0.0024447187315672636,0.12255856394767761
1087,0.0024444018490612507,0.12256499379873276
1088,0.002444082871079445,0.1225723922252655
1089,0.0024437669198960066,0.12258069962263107
1090,0.0024434516672044992,0.12258988618850708
1091,0.002443136414512992,0.12259992212057114
1092,0.0024428232572972775,0.12261077016592026
1093,0.002442509401589632,0.12262240797281265
1094,0.002442197874188423,0.12263480573892593
1095,0.0024418863467872143,0.12264793366193771
1096,0.002441576449200511,0.1226617768406868
1097,0.0024412667844444513,0.12267626076936722
1098,0.0024409571196883917,0.12269141525030136
1099,0.002440649550408125,0.12270720303058624
1100,0.002440342213958502,0.12272360175848007
1101,0.0024400351103395224,0.12274061143398285
1102,0.002439729403704405,0.1227581575512886
1103,0.002439423929899931,0.12277627736330032
1104,0.0024391189217567444,0.12279492616653442
1105,0.002438815077766776,0.12281409651041031
1106,0.002438511699438095,0.12283378094434738
1107,0.0024382094852626324,0.12285395711660385
1108,0.002437907038256526,0.12287457287311554
1109,0.0024376055225729942,0.12289565801620483
1110,0.0024373047053813934,0.12291719019412994
1111,0.0024370038881897926,0.12293916195631027
1112,0.0024367044679820538,0.12296154350042343
1113,0.002436405047774315,0.12298434972763062
1114,0.0024361065588891506,0.12300752848386765
1115,0.0024358085356652737,0.1230311170220375
1116,0.0024355107452720404,0.12305506318807602
1117,0.0024352138862013817,0.12307936698198318
1118,0.0024349174927920103,0.123104028403759
1119,0.0024346213322132826,0.12312904745340347
1120,0.002434325870126486,0.1231544092297554
1121,0.0024340306408703327,0.1231800988316536
1122,0.002433735877275467,0.12320607900619507
1123,0.002433441812172532,0.1232324168086052
1124,0.002433147979900241,0.1232590302824974
1125,0.0024328543804585934,0.12328595668077469
1126,0.0024325621780008078,0.12331318110227585
1127,0.002432269509881735,0.12334069609642029
1128,0.0024319773074239492,0.12336847931146622
1129,0.0024316860362887383,0.12339655309915543
1130,0.0024313945323228836,0.12342488765716553
1131,0.00243110372684896,0.12345349788665771
1132,0.002430813852697611,0.1234823614358902
1133,0.002430523280054331,0.12351147085428238
1134,0.0024302341043949127,0.12354085594415665
1135,0.0024299442302435637,0.12357045710086823
1136,0.002429655287414789,0.1236003115773201
1137,0.0024293665774166584,0.12363041192293167
1138,0.002429079031571746,0.12366073578596115
1139,0.0024287905544042587,0.12369129806756973
1140,0.0024285034742206335,0.12372209131717682
1141,0.002428215928375721,0.12375309318304062
1142,0.002427929313853383,0.12378434091806412
1143,0.002427642233669758,0.12381578981876373
1144,0.002427356317639351,0.12384745478630066
1145,0.0024270699359476566,0.1238793209195137
1146,0.0024267847184091806,0.12391139566898346
1147,0.00242649856954813,0.12394368648529053
1148,0.002426214050501585,0.12397617101669312
1149,0.0024259286001324654,0.12400888651609421
1150,0.0024256447795778513,0.12404176592826843
1151,0.0024253593292087317,0.12407486140727997
1152,0.002425076439976692,0.12410815060138702
1153,0.002424791222438216,0.124141626060009
1154,0.0024245097301900387,0.1241752952337265
1155,0.0024242238141596317,0.12420915812253952
1156,0.0024239434860646725,0.12424319982528687
1157,0.002423657104372978,0.12427742034196854
1158,0.0024233791045844555,0.12431184202432632
1159,0.0024230906274169683,0.12434642761945724
1160,0.0024228161200881004,0.12438119947910309
1161,0.002422524616122246,0.12441615760326385
1162,0.002422254765406251,0.12445129454135895
1163,0.0024219579063355923,0.12448660284280777
1164,0.002421696437522769,0.12452208250761032
1165,0.0024213886354118586,0.12455775588750839
1166,0.002421143464744091,0.12459355592727661
1167,0.002420815173536539,0.12462957948446274
1168,0.002420598641037941,0.12466572970151901
1169,0.002420234028249979,0.12470211088657379
1170,0.0024200710467994213,0.12473858147859573
1171,0.002419637981802225,0.12477532029151917
1172,0.0024195786099880934,0.12481211125850677
1173,0.0024190193507820368,0.12484922260046005
1174,0.0024191674310714006,0.12488631904125214
1175,0.0024183783680200577,0.12492383271455765
1176,0.0024189623072743416,0.12496127188205719
1177,0.0024177797604352236,0.12499932199716568
1178,0.002419344149529934,0.12503722310066223
1179,0.002417614683508873,0.12507613003253937
1180,0.0024216005112975836,0.12511512637138367
1181,0.002419745083898306,0.12515616416931152
1182,0.002430372405797243,0.12519878149032593
1183,0.0024323875550180674,0.12524695694446564
1184,0.002462569624185562,0.12530289590358734
1185,0.002489068079739809,0.12537835538387299
1186,0.002569916658103466,0.12548138201236725
1187,0.0026886879932135344,0.12565748393535614
1188,0.0027848202735185623,0.12588000297546387
1189,0.0029433376621454954,0.12629647552967072
1190,0.0026878423523157835,0.12663595378398895
1191,0.002532179933041334,0.12721006572246552
1192,0.00241421302780509,0.12748491764068604
1193,0.0024965580087155104,0.12787821888923645
1194,0.0025102633517235518,0.12821049988269806
1195,0.0024580806493759155,0.12846219539642334
1196,0.002422886900603771,0.1289627104997635
1197,0.0024272464215755463,0.1293371319770813
1198,0.0024401831906288862,0.12965132296085358
1199,0.0024280862417072058,0.12989601492881775
1200,0.00241336552426219,0.12994353473186493
1201,0.002421716693788767,0.13002002239227295
1202,0.0024208067916333675,0.13006868958473206
1203,0.0024156728759407997,0.13004682958126068
1204,0.0024153930135071278,0.1300339251756668
1205,0.002413896843791008,0.12993912398815155
1206,0.002415416529402137,0.129825159907341
1207,0.002413925714790821,0.12973611056804657
1208,0.002411557361483574,0.12963131070137024
1209,0.002412843517959118,0.12955242395401
1210,0.00241187890060246,0.12946917116641998
1211,0.0024112060200423002,0.12937331199645996
1212,0.0024112011305987835,0.12929730117321014
1213,0.002410191111266613,0.1292206048965454
1214,0.0024104283656924963,0.12915655970573425
1215,0.002409909153357148,0.1291016936302185
1216,0.002409250708296895,0.12904193997383118
1217,0.002409260021522641,0.1289924681186676
1218,0.002408623928204179,0.12894710898399353
1219,0.0024084364995360374,0.12890946865081787
1220,0.002408138243481517,0.12888199090957642
1221,0.0024076588451862335,0.12885525822639465
1222,0.0024075268302112818,0.12883378565311432
1223,0.0024070716463029385,0.12881475687026978
1224,0.0024067822378128767,0.12879860401153564
1225,0.0024064905010163784,0.12878772616386414
1226,0.0024060960859060287,0.12877775728702545
1227,0.0024058714043349028,0.1287701576948166
1228,0.0024055074900388718,0.12876352667808533
1229,0.0024052129592746496,0.12875792384147644
1230,0.002404916100203991,0.12875507771968842
1231,0.0024045691825449467,0.12875351309776306
1232,0.0024042981676757336,0.12875409424304962
1233,0.0024039638228714466,0.1287561058998108
1234,0.0024036685936152935,0.12875956296920776
1235,0.0024033663794398308,0.12876516580581665
1236,0.002403048798441887,0.1287723183631897
1237,0.002402761485427618,0.12878136336803436
1238,0.002402443205937743,0.12879183888435364
1239,0.0024021482095122337,0.12880361080169678
1240,0.00240184273570776,0.1288168728351593
1241,0.0024015377275645733,0.12883134186267853
1242,0.002401242032647133,0.12884725630283356
1243,0.0024009353946894407,0.12886425852775574
1244,0.0024006403982639313,0.12888236343860626
1245,0.002400337252765894,0.12890154123306274
1246,0.0024000382982194424,0.1289217174053192
1247,0.002399739343672991,0.12894298136234283
1248,0.00239943852648139,0.12896513938903809
1249,0.0023991423659026623,0.12898823618888855
1250,0.0023988422472029924,0.12901215255260468
1251,0.002398545853793621,0.12903690338134766
1252,0.0023982468992471695,0.1290624737739563
1253,0.002397949807345867,0.12908878922462463
1254,0.002397652715444565,0.12911587953567505
1255,0.002397355157881975,0.12914367020130157
1256,0.002397059230133891,0.12917214632034302
1257,0.002396761905401945,0.129201278090477
1258,0.002396465977653861,0.12923112511634827
1259,0.0023961691185832024,0.1292615830898285
1260,0.0023958729580044746,0.12929266691207886
1261,0.0023955772630870342,0.12932437658309937
1262,0.0023952811025083065,0.12935666739940643
1263,0.002394985407590866,0.12938950955867767
1264,0.0023946892470121384,0.12942294776439667
1265,0.0023943937849253416,0.12945692241191864
1266,0.002394098322838545,0.1294914036989212
1267,0.0023938026279211044,0.12952643632888794
1268,0.0023935071658343077,0.12956196069717407
1269,0.0023932112380862236,0.1295979619026184
1270,0.0023929160088300705,0.12963446974754333
1271,0.00239262031391263,0.12967145442962646
1272,0.0023923246189951897,0.1297088861465454
1273,0.0023920293897390366,0.12974677979946136
1274,0.002391733694821596,0.12978513538837433
1275,0.002391437767073512,0.12982390820980072
1276,0.0023911423049867153,0.12986311316490173
1277,0.0023908463772386312,0.12990275025367737
1278,0.002390550449490547,0.12994278967380524
1279,0.0023902547545731068,0.12998324632644653
1280,0.002389958593994379,0.13002410531044006
1281,0.0023896624334156513,0.13006533682346344
1282,0.0023893662728369236,0.13010697066783905
1283,0.0023890696465969086,0.1301489919424057
1284,0.002388773253187537,0.130191370844841
1285,0.002388476859778166,0.13023415207862854
1286,0.002388180000707507,0.13027727603912354
1287,0.002387882908806205,0.13032077252864838
1288,0.0023875858169049025,0.13036461174488068
1289,0.0023872884921729565,0.13040882349014282
1290,0.002386991400271654,0.13045336306095123
1291,0.002386693377047777,0.13049829006195068
1292,0.002386395586654544,0.130543515086174
1293,0.0023860973306000233,0.1305890828371048
1294,0.0023857990745455027,0.13063497841358185
1295,0.002385500818490982,0.13068120181560516
1296,0.0023852018639445305,0.13072776794433594
1297,0.002384902909398079,0.13077464699745178
1298,0.0023846037220209837,0.1308218240737915
1299,0.0023843045346438885,0.13086934387683868
1300,0.0023840046487748623,0.13091716170310974
1301,0.002383704762905836,0.13096530735492706
1302,0.0023834044113755226,0.13101372122764587
1303,0.002383104059845209,0.13106247782707214
1304,0.0023828032426536083,0.1311115175485611
1305,0.00238250195980072,0.13116085529327393
1306,0.002382200676947832,0.13121049106121063
1307,0.0023818989284336567,0.1312604397535324
1308,0.0023815969470888376,0.13131067156791687
1309,0.0023812945000827312,0.131361186504364
1310,0.002380991820245981,0.13141196966171265
1311,0.002380688674747944,0.13146306574344635
1312,0.0023803855292499065,0.13151443004608154
1313,0.0023800814524292946,0.13156607747077942
1314,0.00237977784126997,0.13161800801753998
1315,0.0023794728331267834,0.13167020678520203
1316,0.0023791685234755278,0.13172268867492676
1317,0.0023788628168404102,0.13177545368671417
1318,0.0023785580415278673,0.13182848691940308
1319,0.002378250937908888,0.13188177347183228
1320,0.0023779459297657013,0.13193535804748535
1321,0.00237763742916286,0.13198921084403992
1322,0.002377331955358386,0.13204330205917358
1323,0.0023770220577716827,0.13209769129753113
1324,0.002376717049628496,0.13215231895446777
1325,0.0023764045909047127,0.1322072297334671
1326,0.0023760998155921698,0.13226237893104553
1327,0.002375785494223237,0.13231781125068665
1328,0.0023754816502332687,0.13237346708774567
1329,0.0023751636035740376,0.13242943584918976
1330,0.0023748630192130804,0.13248559832572937
1331,0.0023745386861264706,0.13254207372665405
1332,0.00237424299120903,0.13259878754615784
1333,0.0023739105090498924,0.13265575468540192
1334,0.0023736231960356236,0.1327129453420639
1335,0.002373277908191085,0.13277044892311096
1336,0.0023730057291686535,0.13282811641693115
1337,0.002372638788074255,0.13288614153862
1338,0.0023723922204226255,0.13294431567192078
1339,0.0023719901219010353,0.1330028474330902
1340,0.0023717894218862057,0.1330614686012268
1341,0.002371328417211771,0.1331205517053604
1342,0.0023712092079222202,0.1331796497106552
1343,0.002370647620409727,0.13323929905891418
1344,0.0023706750944256783,0.1332988142967224
1345,0.002369944704696536,0.13335905969142914
1346,0.002370245521888137,0.133419007062912
1347,0.002369238529354334,0.13347995281219482
1348,0.0023700681049376726,0.13354037702083588
1349,0.002368633635342121,0.13360218703746796
1350,0.002370544709265232,0.13366328179836273
1351,0.002368573099374771,0.133726567029953
1352,0.0023728548549115658,0.1337890774011612
1353,0.0023707086220383644,0.13385550677776337
1354,0.0023805703967809677,0.13392207026481628
1355,0.002380859572440386,0.13399702310562134
1356,0.0024042518343776464,0.1340760737657547
1357,0.0024175955913960934,0.1341768354177475
1358,0.002469118218868971,0.13429133594036102
1359,0.0025218313094228506,0.13446851074695587
1360,0.0025864660274237394,0.1346520334482193
1361,0.0026593522634357214,0.13500326871871948
1362,0.0025889426469802856,0.1352243572473526
1363,0.0025159053038805723,0.1357591599225998
1364,0.0023952536284923553,0.1359480917453766
1365,0.002379004377871752,0.1364477574825287
1366,0.0023865685798227787,0.13668400049209595
1367,0.0024069815408438444,0.13698507845401764
1368,0.002394633134827018,0.13746210932731628
1369,0.0023685283958911896,0.13777831196784973
1370,0.0023690571542829275,0.13819587230682373
1371,0.002366961445659399,0.13835418224334717
1372,0.0023730890825390816,0.13841965794563293
1373,0.002366964239627123,0.13852161169052124
1374,0.0023613832890987396,0.1385149508714676
1375,0.002363028470426798,0.13855060935020447
1376,0.0023617823608219624,0.13848434388637543
1377,0.002363072009757161,0.1383867710828781
1378,0.0023612575605511665,0.13834458589553833
1379,0.002359244041144848,0.13828352093696594
1380,0.0023600889835506678,0.13826079666614532
1381,0.002358910394832492,0.1382066160440445
1382,0.0023591581266373396,0.1381431668996811
1383,0.0023584531154483557,0.13811156153678894
1384,0.002357585821300745,0.13807523250579834
1385,0.002357776975259185,0.13806094229221344
1386,0.00235691387206316,0.13803692162036896
1387,0.0023568710312247276,0.13801616430282593
1388,0.002356330631300807,0.13801518082618713
1389,0.0023558344691991806,0.1380166858434677
1390,0.0023556891828775406,0.13803067803382874
1391,0.002355105709284544,0.1380392611026764
1392,0.0023549245670437813,0.13804978132247925
1393,0.0023544402793049812,0.13806630671024323
1394,0.0023540665861219168,0.1380823701620102
1395,0.0023537585511803627,0.13810241222381592
1396,0.0023533045314252377,0.1381184309720993
1397,0.00235303258523345,0.13813668489456177
1398,0.002352597191929817,0.13815787434577942
1399,0.0023522640112787485,0.1381809562444687
1400,0.0023518940433859825,0.13820721209049225
1401,0.0023515019565820694,0.13823305070400238
1402,0.0023511669132858515,0.1382618397474289
1403,0.0023507631849497557,0.13829250633716583
1404,0.002350425347685814,0.1383252888917923
1405,0.0023500416427850723,0.13835971057415009
1406,0.002349676564335823,0.13839472830295563
1407,0.0023493103217333555,0.13843181729316711
1408,0.002348928712308407,0.13847018778324127
1409,0.002348571550101042,0.13851036131381989
1410,0.0023481897078454494,0.13855157792568207
1411,0.0023478276561945677,0.1385938674211502
1412,0.0023474504705518484,0.13863754272460938
1413,0.002347078872844577,0.1386822760105133
1414,0.0023467070423066616,0.13872826099395752
1415,0.002346329391002655,0.13877493143081665
1416,0.0023459589574486017,0.13882260024547577
1417,0.0023455792106688023,0.1388711780309677
1418,0.002345206681638956,0.13892070949077606
1419,0.0023448276333510876,0.13897116482257843
1420,0.002344450680539012,0.13902239501476288
1421,0.0023440716322511435,0.13907454907894135
1422,0.0023436909541487694,0.13912750780582428
1423,0.0023433116730302572,0.13918137550354004
1424,0.0023429288994520903,0.1392359882593155
1425,0.0023425475228577852,0.13929134607315063
1426,0.0023421631194651127,0.13934749364852905
1427,0.0023417791817337275,0.13940440118312836
1428,0.002341393381357193,0.13946203887462616
1429,0.0023410071153193712,0.13952034711837769
1430,0.0023406194522976875,0.13957937061786652
1431,0.0023402306251227856,0.13963904976844788
1432,0.0023398413322865963,0.13969941437244415
1433,0.0023394497111439705,0.13976043462753296
1434,0.0023390580900013447,0.1398220807313919
1435,0.0023386641405522823,0.1398843377828598
1436,0.00233827019110322,0.13994720578193665
1437,0.0023378743790090084,0.14001068472862244
1438,0.002337477635592222,0.1400747448205948
1439,0.002337079495191574,0.14013934135437012
1440,0.002336679957807064,0.1402045041322708
1441,0.002336279721930623,0.14027026295661926
1442,0.002335877623409033,0.1403365433216095
1443,0.0023354743607342243,0.14040334522724152
1444,0.002335069701075554,0.14047066867351532
1445,0.002334664110094309,0.1405385136604309
1446,0.002334256423637271,0.1406068354845047
1447,0.0023338478058576584,0.14067569375038147
1448,0.0023334375582635403,0.14074502885341644
1449,0.0023330263793468475,0.14081482589244843
1450,0.0023326128721237183,0.1408851146697998
1451,0.0023321988992393017,0.1409558653831482
1452,0.002331782830879092,0.1410270780324936
1453,0.0023313655983656645,0.1410987228155136
1454,0.002330946736037731,0.14117079973220825
1455,0.002330526476725936,0.14124329388141632
1456,0.0023301043547689915,0.1413162499666214
1457,0.0023296806029975414,0.1413896232843399
1458,0.0023292559199035168,0.14146339893341064
1459,0.002328828675672412,0.1415375918149948
1460,0.002328400267288089,0.14161217212677002
1461,0.00232797022908926,0.14168718457221985
1462,0.0023275387939065695,0.14176256954669952
1463,0.002327105263248086,0.14183832705020905
1464,0.002326670102775097,0.1419144868850708
1465,0.002326233545318246,0.1419910192489624
1466,0.0023257946595549583,0.14206790924072266
1467,0.002325354842469096,0.14214515686035156
1468,0.0023249126970767975,0.14222277700901031
1469,0.002324469154700637,0.1423007696866989
1470,0.002324023051187396,0.14237910509109497
1471,0.0023235762491822243,0.1424577683210373
1472,0.0023231261875480413,0.14253680408000946
1473,0.0023226758930832148,0.1426161527633667
1474,0.0023222218733280897,0.1426958441734314
1475,0.002321767620742321,0.14277587831020355
1476,0.002321310108527541,0.14285621047019958
1477,0.002320852130651474,0.14293690025806427
1478,0.002320390660315752,0.14301788806915283
1479,0.0023199287243187428,0.14309918880462646
1480,0.002319463063031435,0.14318083226680756
1481,0.00231899693608284,0.14326272904872894
1482,0.0023185270838439465,0.1433449536561966
1483,0.0023180569987744093,0.14342749118804932
1484,0.0023175831884145737,0.14351032674312592
1485,0.002317109378054738,0.1435934603214264
1486,0.002316630445420742,0.14367689192295074
1487,0.0023161526769399643,0.1437605917453766
1488,0.002315669320523739,0.1438445746898651
1489,0.0023151873610913754,0.14392885565757751
1490,0.002314699813723564,0.1440134048461914
1491,0.0023142131976783276,0.1440982222557068
1492,0.002313720528036356,0.14418333768844604
1493,0.0023132299538701773,0.1442687213420868
1494,0.002312732394784689,0.14435438811779022
1495,0.002312237396836281,0.14444026350975037
1496,0.0023117349483072758,0.1445264369249344
1497,0.002311235759407282,0.1446128487586975
1498,0.002310727722942829,0.1446995586156845
1499,0.0023102248087525368,0.14478647708892822
1500,0.0023097111843526363,0.14487367868423462
1501,0.0023092038463801146,0.14496108889579773
1502,0.002308683469891548,0.14504878222942352
1503,0.002308173105120659,0.14513668417930603
1504,0.002307646442204714,0.14522486925125122
1505,0.0023071325849741697,0.14531323313713074
1506,0.0023065980058163404,0.14540189504623413
1507,0.002306082285940647,0.14549070596694946
1508,0.002305538859218359,0.14557987451553345
1509,0.0023050219751894474,0.1456691324710846
1510,0.0023044683039188385,0.1457587033510208
1511,0.002303952118381858,0.14584840834140778
1512,0.0023033851757645607,0.1459384262561798
1513,0.0023028727155178785,0.1460285186767578
1514,0.002302289940416813,0.14611902832984924
1515,0.002301784697920084,0.1462095081806183
1516,0.0023011802695691586,0.14630043506622314
1517,0.002300689462572336,0.14639131724834442
1518,0.002300055231899023,0.1464826911687851
1519,0.0022995888721197844,0.14657390117645264
1520,0.002298912964761257,0.14666572213172913
1521,0.0022984868846833706,0.14675728976726532
1522,0.0022977504413574934,0.14684951305389404
1523,0.0022973911836743355,0.14694136381149292
1524,0.002296565566211939,0.14703407883644104
1525,0.002296315971761942,0.14712616801261902
1526,0.0022953576408326626,0.14721938967704773
1527,0.0022952896542847157,0.147311732172966
1528,0.002294132485985756,0.1474054902791977
1529,0.0022943720687180758,0.1474980115890503
1530,0.002292922930791974,0.1475924551486969
1531,0.0022936968598514795,0.1476852297782898
1532,0.002291841432452202,0.14778052270412445
1533,0.0022935764864087105,0.14787371456623077
1534,0.002291228389367461,0.1479703187942505
1535,0.0022947690449655056,0.14806458353996277
1536,0.002292071469128132,0.14816370606422424
1537,0.0022991278674453497,0.14826054871082306
1538,0.0022970973514020443,0.14836536347866058
1539,0.0023109728936105967,0.14846834540367126
1540,0.002313073491677642,0.14858749508857727
1541,0.0023384024389088154,0.1487022191286087
1542,0.0023518940433859825,0.14885880053043365
1543,0.002385554602369666,0.14898250997066498
1544,0.002409667009487748,0.14922642707824707
1545,0.002415185794234276,0.14931267499923706
1546,0.0024076595436781645,0.1497029811143875
1547,0.0023591327480971813,0.1497049480676651
1548,0.0023180132266134024,0.15020672976970673
1549,0.002286593895405531,0.15025271475315094
1550,0.00228579668328166,0.15072493255138397
1551,0.0022855952847748995,0.15098918974399567
1552,0.00229451572522521,0.15133605897426605
1553,0.0022903461940586567,0.15172292292118073
1554,0.002285700524225831,0.15186727046966553
1555,0.0022808110807090998,0.1520865112543106
1556,0.0022764275781810284,0.15203805267810822
1557,0.0022783642634749413,0.15205803513526917
1558,0.0022765500470995903,0.15200330317020416
1559,0.0022778769489377737,0.15193825960159302
1560,0.0022757460828870535,0.15192927420139313
1561,0.0022746575996279716,0.15187136828899384
1562,0.0022736568935215473,0.1518893837928772
1563,0.0022721688728779554,0.15185116231441498
1564,0.002272306941449642,0.15185026824474335
1565,0.002270987955853343,0.15184178948402405
1566,0.0022709532640874386,0.15184277296066284
1567,0.0022697921376675367,0.15187133848667145
1568,0.0022692042402923107,0.15188996493816376
1569,0.0022684079594910145,0.15194085240364075
1570,0.0022675609216094017,0.15197795629501343
1571,0.002267052186653018,0.15203064680099487
1572,0.002266128547489643,0.15207326412200928
1573,0.0022656347136944532,0.15211771428585052
1574,0.002264726674184203,0.15216249227523804
1575,0.0022641390096396208,0.15220291912555695
1576,0.0022633206099271774,0.15225006639957428
1577,0.002262636786326766,0.15229374170303345
1578,0.0022618919610977173,0.15234680473804474
1579,0.002261134795844555,0.1523982286453247
1580,0.0022604241967201233,0.15245576202869415
1581,0.0022596337366849184,0.1525130718946457
1582,0.0022589322179555893,0.15257368981838226
1583,0.0022581368684768677,0.1526358723640442
1584,0.002257420914247632,0.1526995301246643
1585,0.002256623934954405,0.15276606380939484
1586,0.002255883766338229,0.15283335745334625
1587,0.002255092840641737,0.15290340781211853
1588,0.0022543328814208508,0.15297333896160126
1589,0.002253543585538864,0.15304529666900635
1590,0.0022527652326971292,0.1531171351671219
1591,0.0022519726771861315,0.15319040417671204
1592,0.002251179190352559,0.1532636135816574
1593,0.0022503805812448263,0.1533380001783371
1594,0.0022495747543871403,0.1534128338098526
1595,0.002248769160360098,0.1534886509180069
1596,0.0022479514591395855,0.15356504917144775
1597,0.002247135154902935,0.1536422073841095
1598,0.002246306976303458,0.153719961643219
1599,0.0022454801946878433,0.15379822254180908
1600,0.0022446417715400457,0.15387700498104095
1601,0.0022438042797148228,0.1539561152458191
1602,0.002242954447865486,0.154035747051239
1603,0.002242105547338724,0.15411566197872162
1604,0.002241244539618492,0.15419594943523407
1605,0.002240384928882122,0.15427643060684204
1606,0.0022395122796297073,0.15435725450515747
1607,0.002238641260191798,0.15443815290927887
1608,0.0022377565037459135,0.15451928973197937
1609,0.002236873609945178,0.15460047125816345
1610,0.002235976280644536,0.15468186140060425
1611,0.002235082443803549,0.15476323664188385
1612,0.002234171610325575,0.15484480559825897
1613,0.0022332663647830486,0.15492630004882812
1614,0.002232341095805168,0.1550079584121704
1615,0.002231425140053034,0.15508952736854553
1616,0.002230485202744603,0.15517117083072662
1617,0.002229558303952217,0.15525268018245697
1618,0.0022286020684987307,0.15533427894115448
1619,0.002227665623649955,0.15541568398475647
1620,0.002226691460236907,0.15549714863300323
1621,0.002225746400654316,0.1555783897638321
1622,0.0022247517481446266,0.15565966069698334
1623,0.002223802264779806,0.1557406485080719
1624,0.0022227815352380276,0.15582166612148285
1625,0.00222183158621192,0.15590237081050873
1626,0.0022207791917026043,0.15598315000534058
1627,0.0022198373917490244,0.156063511967659
1628,0.0022187416907399893,0.1561439484357834
1629,0.002217821776866913,0.15622399747371674
1630,0.0022166650742292404,0.15630404651165009
1631,0.002215792890638113,0.1563837081193924
1632,0.0022145442198961973,0.15646331012248993
1633,0.002213766099885106,0.1565426141023636
1634,0.0022123733069747686,0.15662167966365814
1635,0.002211775863543153,0.1567007601261139
1636,0.0022101537324488163,0.15677908062934875
1637,0.0022099087946116924,0.1568581908941269
1638,0.0022079243790358305,0.15693534910678864
1639,0.002208392135798931,0.15701507031917572
1640,0.0022058836184442043,0.15709033608436584
1641,0.0022078787442296743,0.1571720838546753
1642,0.002204840537160635,0.15724392235279083
1643,0.002210358390584588,0.15733066201210022
1644,0.002207888290286064,0.15739651024341583
1645,0.0022220038808882236,0.15749411284923553
1646,0.002226129872724414,0.15755221247673035
1647,0.002259970409795642,0.15766660869121552
1648,0.002291895914822817,0.15772998332977295
1649,0.0023481869138777256,0.1578226238489151
1650,0.0024276115000247955,0.15798602998256683
1651,0.0024059596471488476,0.15781134366989136
1652,0.0023938592057675123,0.15828198194503784
1653,0.002264541108161211,0.1578446626663208
1654,0.0022117774933576584,0.15855611860752106
1655,0.0021948511712253094,0.15850336849689484
1656,0.002223167335614562,0.15909551084041595
1657,0.0022266367450356483,0.15983106195926666
1658,0.002207621233537793,0.16020384430885315
1659,0.0021951794624328613,0.160884827375412
1660,0.0021835286170244217,0.16082142293453217
1661,0.002191771287471056,0.16082976758480072
1662,0.002189968479797244,0.1606706827878952
1663,0.0021878229454159737,0.16036799550056458
1664,0.002184164710342884,0.16029267013072968
1665,0.0021789956372231245,0.1600082367658615
1666,0.0021800233516842127,0.15991003811359406
1667,0.002177366754040122,0.15976060926914215
1668,0.0021774866618216038,0.1596251279115677
1669,0.002175563480705023,0.15956059098243713
1670,0.0021735327318310738,0.1594177931547165
1671,0.002172656822949648,0.1594018042087555
1672,0.002170468680560589,0.1593579649925232
1673,0.0021700465586036444,0.15936589241027832
1674,0.002168315229937434,0.15938305854797363
1675,0.002167321275919676,0.15938623249530792
1676,0.0021659452468156815,0.15941551327705383
1677,0.0021644493099302053,0.15939928591251373
1678,0.0021633037831634283,0.15940453112125397
1679,0.0021617214661091566,0.15939103066921234
1680,0.0021606688387691975,0.15939247608184814
1681,0.0021591761615127325,0.159397155046463
1682,0.0021579726599156857,0.1594053953886032
1683,0.0021565265487879515,0.15942993760108948
1684,0.0021551703102886677,0.1594497263431549
1685,0.002153807319700718,0.1594814658164978
1686,0.0021523884497582912,0.1595078855752945
1687,0.002151050604879856,0.15954457223415375
1688,0.0021495879627764225,0.1595800817012787
1689,0.002148216590285301,0.15962031483650208
1690,0.00214673625305295,0.1596618890762329
1691,0.0021453348454087973,0.15970446169376373
1692,0.002143853111192584,0.15974821150302887
1693,0.0021424107253551483,0.15978972613811493
1694,0.0021409066393971443,0.15983301401138306
1695,0.0021394246723502874,0.1598745733499527
1696,0.002137904055416584,0.15991821885108948
1697,0.0021363948471844196,0.15996074676513672
1698,0.0021348493173718452,0.16000576317310333
1699,0.002133309142664075,0.16005022823810577
1700,0.002131733112037182,0.16009627282619476
1701,0.0021301647648215294,0.16014154255390167
1702,0.002128559397533536,0.16018790006637573
1703,0.0021269654389470816,0.1602335125207901
1704,0.0021253253798931837,0.16027987003326416
1705,0.002123703947290778,0.1603255718946457
1706,0.0021220268681645393,0.16037191450595856
1707,0.002120381686836481,0.16041752696037292
1708,0.002118664560839534,0.1604635864496231
1709,0.0021169977262616158,0.16050885617733002
1710,0.0021152321714907885,0.16055455803871155
1711,0.002113551599904895,0.1605994999408722
1712,0.0021117273718118668,0.16064482927322388
1713,0.0021100477315485477,0.16068953275680542
1714,0.0021081464365124702,0.16073459386825562
1715,0.0021064947359263897,0.1607792228460312
1716,0.0021044823806732893,0.160823792219162
1717,0.00210291869007051,0.16086852550506592
1718,0.0021007396280765533,0.1609121710062027
1719,0.0020993980579078197,0.160957470536232
1720,0.002096967538818717,0.16099917888641357
1721,0.002096177078783512,0.16104641556739807
1722,0.0020934422500431538,0.16108398139476776
1723,0.002094128867611289,0.16113610565662384
1724,0.0020915265195071697,0.16116385161876678
1725,0.0020966478623449802,0.16122737526893616
1726,0.0020977857057005167,0.16123206913471222
1727,0.002117384457960725,0.16131630539894104
1728,0.0021426044404506683,0.16127386689186096
1729,0.002202361822128296,0.16135115921497345
1730,0.002324626548215747,0.16128888726234436
1731,0.0023663861211389303,0.16102081537246704
1732,0.00248927716165781,0.16121965646743774
1733,0.0022246716544032097,0.1602407842874527
1734,0.0021210424602031708,0.16082456707954407
1735,0.002088414505124092,0.16027703881263733
1736,0.002145304810255766,0.16067101061344147
1737,0.002141450997442007,0.1617109328508377
1738,0.0020835711620748043,0.16233618557453156
1739,0.0020773452706635,0.16362547874450684
1740,0.002076811157166958,0.16390767693519592
1741,0.0020842328667640686,0.16377440094947815
1742,0.0020711980760097504,0.16381725668907166
1743,0.0020577777177095413,0.1633453071117401
1744,0.002061271108686924,0.16307395696640015
1745,0.002059215446934104,0.16260764002799988
1746,0.002056307625025511,0.1621793657541275
1747,0.0020521185360848904,0.16208629310131073
1748,0.00204728776589036,0.16182035207748413
1749,0.0020475550554692745,0.16165009140968323
1750,0.0020450353622436523,0.1615113466978073
1751,0.002042206935584545,0.16139569878578186
1752,0.0020402707159519196,0.16140837967395782
1753,0.0020369207486510277,0.1613282561302185
1754,0.002035551704466343,0.1613229662179947
1755,0.002033090451732278,0.16134218871593475
1756,0.002030826173722744,0.1613299548625946
1757,0.002028783317655325,0.16132061183452606
1758,0.002026024740189314,0.16125527024269104
1759,0.0020240433514118195,0.16122886538505554
1760,0.002021525055170059,0.16119302809238434
1761,0.002019345760345459,0.16115935146808624
1762,0.002017006743699312,0.16114771366119385
1763,0.0020145296584814787,0.16114218533039093
1764,0.0020122486166656017,0.16116198897361755
1765,0.002009699819609523,0.1611701399087906
1766,0.002007371047511697,0.16119089722633362
1767,0.0020048522856086493,0.16121336817741394
1768,0.0020024285186082125,0.1612386554479599
1769,0.001999923726543784,0.16126348078250885
1770,0.0019973875023424625,0.1612854152917862
1771,0.001994863385334611,0.16131331026554108
1772,0.0019922719802707434,0.16133630275726318
1773,0.0019897164311259985,0.1613600105047226
1774,0.0019870754331350327,0.16137926280498505
1775,0.0019844574853777885,0.16140161454677582
1776,0.0019817762076854706,0.1614220142364502
1777,0.001979104010388255,0.1614438146352768
1778,0.001976382452994585,0.16146521270275116
1779,0.0019736529793590307,0.16148844361305237
1780,0.0019708850886672735,0.16151082515716553
1781,0.0019680983386933804,0.16153274476528168
1782,0.0019652796909213066,0.16155362129211426
1783,0.001962437992915511,0.16157418489456177
1784,0.001959569752216339,0.1615934818983078
1785,0.001956671243533492,0.16161179542541504
1786,0.0019537482876330614,0.16162928938865662
1787,0.0019507892429828644,0.16164611279964447
1788,0.0019478158792480826,0.1616622507572174
1789,0.0019447940867394209,0.16167692840099335
1790,0.001941775786690414,0.16169168055057526
1791,0.001938684144988656,0.16170407831668854
1792,0.0019356466364115477,0.16171817481517792
1793,0.0019324920140206814,0.16172677278518677
1794,0.0019295383244752884,0.1617419719696045
1795,0.0019264311995357275,0.1617433875799179
1796,0.001924064359627664,0.16176459193229675
1797,0.0019219191744923592,0.161748468875885
1798,0.0019230179022997618,0.1617896854877472
1799,0.0019288373878225684,0.16172750294208527
1800,0.0019510522251948714,0.16181686520576477
1801,0.002014429774135351,0.16165268421173096
1802,0.0021262667141854763,0.16169914603233337
1803,0.0023895041085779667,0.16158559918403625
1804,0.0022485393565148115,0.16068752110004425
1805,0.0021230443380773067,0.160800963640213
1806,0.0019060031045228243,0.1593818962574005
1807,0.001996018923819065,0.159623920917511
1808,0.002021131105720997,0.15994960069656372
1809,0.001927313394844532,0.15979449450969696
1810,0.001902816235087812,0.16120852530002594
1811,0.0019266116432845592,0.1623186618089676
1812,0.0019034198485314846,0.16275951266288757
1813,0.0018839886179193854,0.16321049630641937
1814,0.0018834443762898445,0.1628740280866623
1815,0.0018834993243217468,0.16245318949222565
1816,0.0018752122996374965,0.1620527058839798
1817,0.001864944351837039,0.16118986904621124
1818,0.0018669705605134368,0.16066281497478485
1819,0.0018622295465320349,0.16044901311397552
1820,0.0018548904918134212,0.1602454036474228
1821,0.0018530570669099689,0.16023731231689453
1822,0.0018498323624953628,0.16017493605613708
1823,0.0018452366348356009,0.16008087992668152
1824,0.0018420368432998657,0.16010652482509613
1825,0.0018379406537860632,0.16003909707069397
1826,0.0018347261939197779,0.15998218953609467
1827,0.0018312213942408562,0.16000038385391235
1828,0.001827002502977848,0.15999729931354523
1829,0.0018238388001918793,0.16001859307289124
1830,0.001820203266106546,0.15999305248260498
1831,0.0018163080094382167,0.15993212163448334
1832,0.0018127979710698128,0.1599065512418747
1833,0.001808892353437841,0.1598682552576065
1834,0.0018052535597234964,0.15984559059143066
1835,0.0018015438690781593,0.1598440259695053
1836,0.001797588774934411,0.15984855592250824
1837,0.0017938649980351329,0.15987318754196167
1838,0.0017899377271533012,0.1598834991455078
1839,0.0017860466614365578,0.15988580882549286
1840,0.0017821643268689513,0.15988808870315552
1841,0.0017781344940885901,0.15988081693649292
1842,0.0017741904594004154,0.1598745733499527
1843,0.0017701261676847935,0.15986281633377075
1844,0.0017660496523603797,0.159852534532547
1845,0.001761959632858634,0.15984433889389038
1846,0.001757781719788909,0.15983077883720398
1847,0.001753619173541665,0.15981633961200714
